,n_cluster_lab_1,n_cluster_lab_2,acc,aucroc
0,1,5,0.8775,0.8878618113912231
0,1,6,0.845,0.8801120448179272
0,1,7,0.8925,0.8930905695611576
