,n_cluster_lab_1,n_cluster_lab_2,acc,aucroc
0,1,5,0.915,0.9202614379084968
0,1,6,0.9225,0.9207282913165267
0,1,7,0.9225,0.9164332399626517
