,n_cluster_lab_1,n_cluster_lab_2,acc,aucroc
0,1,5,0.9025,0.8951447245564892
0,1,6,0.93,0.9126050420168067
0,1,7,0.91,0.8956115779645192
