,k,acc,aucroc
0,1,0.9375,0.9216619981325863
0,2,0.9325,0.8841269841269841
0,3,0.9225,0.9035480859010271
0,4,0.945,0.9092436974789916
0,5,0.9225,0.8992530345471522
0,6,0.93,0.8954248366013072
